title,author,style,complete,introduce,last_update
万族之劫,老鹰吃小鸡,都市,连载,我是这诸天万族的劫！《全球高武》和《万族之劫》前五册实体书出版了，天猫、当当、京东都有售，喜欢的可以去看看，谢谢大家支持！,2020-10-29 16:29
我师兄实在太稳健了,言归正传,仙侠,连载,重生在封神大战之前的上古时代，李长寿成了一个小小的炼气士，没有什么气运加身，也不是什么注定的大劫之子，他只有一个想要长生不老的修仙梦。为了能在残酷的洪荒安身立命，他努力不沾因果，杀人必扬其灰，凡事谋而后动，从不轻易步入危险之中。藏底牌，修遁术，炼丹毒，掌神通，不动稳如老狗，一动石破天惊，动后悄声走人。本来李长寿规划中，自己会一直躲在山中平安无事的修行成仙，直到有一年，他的老师父静极思动，又给他……收了个师妹回来……【PS：暂时不开新群，五群（1098711961）壹群（474095492）贰群（836797636）叁群（398929196）肆群（1071059242）贯彻到底，轻松修仙！】,2020-10-29 00:06
大梦主,忘语,仙侠,连载,一个从小体弱多病的富商之子，在寻求续命之法时，意外走上了修仙登天之路！大唐盛世，天下安泰，风调雨顺，百姓安居。千年后世，魔物吞天，妖鬼横行，遍野哀鸣。西游再现，大圣斗天，天蓬下凡，卷帘重生。莫名的穿梭与轮回，虚实掩映，真幻交织！是预言中的梦境？还是尚未发生的现实？他能否打破命中注定的魔障，消弭还未发生的三界大劫，挽救苍生于水火？,2020-10-29 12:03
大奉打更人,卖报小郎君,仙侠,连载,这个世界，有儒；有道；有佛；有妖；有术士。警校毕业的许七安幽幽醒来，发现自己身处牢狱之中，三日后流放边陲.....他起初的目的只是自保，顺便在这个没有人权的社会里当个富家翁悠闲度日。......多年后，许七安回首前尘，身后是早已逝去的敌人，以及累累白骨。滚滚长江东逝水，浪花淘尽英雄，是非成败转头空。青山依旧在，几度夕阳红。PS：本书不悲剧！,2020-10-29 09:00
我的徒弟都是大反派,谋生任转蓬,玄幻,连载,陆州一觉醒来成了世间最强大最老的魔头祖师爷，还有九个恶贯满盈，威震天下的徒弟。大徒弟幽冥教教主手下万千魔众，二徒弟剑魔一言不合就开杀戒……没了一身修为，如何调教这帮恶徒？大徒弟于正海：“老夫这一生所向披靡，除了师父他老人家，谁也别想骑我头上。”七徒弟司无涯：“师父不死，我等寝食难安啊！”……九徒弟鸢儿：“我一定会谨记师父的话，做个好人。”一群586414482，二群444133211，V群1059766128（需粉丝值大于2000）欢迎来聊天打屁。简介无力。请看内容吧。,2020-10-29 16:14
神话版三国,坟土荒草,历史,连载,陈曦看着将一块数百斤巨石撇出去的士卒，无语望苍天，这真的是东汉末年？吕布单枪匹马凿穿万人部队，这怎么看都不科学。赵子龙真心龙魂附体了，一剑断山，这真的是人？典韦单人护着曹操杀出敌营，顺手宰了对面数千步骑，这战斗力爆表了吧！这是不是哪里有些不对啊，陈曦顺手摸了一把鹅毛扇挥了一下，狂风大作，叹了一口气，“这是神话吧，我自己都不正常了。”ps：其实这是一篇正经的种田文……QQ群：95010223（满了）全订验证群：949176942酱油群：397441818（快满了）二群：418928396（快满了）三群：371034966五群：966666635,2020-10-29 08:16
临渊行,宅猪,玄幻,连载,苏云怎么也没有想到，自己生活了十几年的天门镇，只有自己是人。他更没有想到天门镇外，方圆百里，是鼎鼎有名的无人区。少年睁开眼睛时，想象中的世界崩塌了，妖魔鬼怪横行的现实呈现在他的面前。临渊行。黑夜中临深渊而行，须得打起精神，如履薄冰！书友群群号，978862507（已满）书友二群，713432268；订阅群，1037358191（有验证）,2020-10-29 12:04
轮回乐园,那一只蚊子,轻小说,连载,苏晓签订轮回契约，进入各个世界执行任务。他曾目睹一个世界崩灭为尘粒，也曾与被遗忘的王者持刃而战。暗鸦在低语，黑渊下巨兽咆哮。欢迎来到，轮回乐园……---------------本书动漫无限流，作者节操满满，请放心入坑。读者群：534789565二群：631919682三群：485381921VIP群：204920420（需粉丝值截图验证）,2020-10-28 23:35
明天下,孑与2,历史,连载,明末的历史纷乱混杂，堪称是一段由一些有着强大个人魅力的人书写成的历史。不论是李自成，还是张献忠这些叛逆者，还是崇祯，袁崇焕，这些当权者，亦或是吴三桂，耿精忠这些背叛者，每个人身上都有很多的故事，就是因为有了这些精彩的故事，明末的历史才变得大气起磅礴，波澜起伏。想要把这一段历史写好，自然要描绘出一个个活生生的人物，不论他的立场如何，我们站在历史长河的边缘上旁观，他们不过是这条长河里的一朵浪花。冷眼看世界，就是我们目前需要做的事情，冷眼看历史也是我们目前生活的一种追求。历史长河已经流淌到了我们的脚下，我们大可站在河边，准备迎接我们的历史。,2020-10-29 16:21
东晋北府一丘八,指云笑天道1,历史,连载,历史的车轮滚过波澜壮阔的三国时代，中原大地迎来了百年未遇的和平，人们都以为盛世即将来临，可谁都没想到，等来的却是一场汉人永远也不愿面对的千年恶梦。永嘉丧乱，中原大地，虎狼横行!华夏的儿女，在血泊中哀号。不甘为奴的汉人举族南下，在江东之地重建东晋，自祖逖起，百年来汉家军队六出江南，九伐中原，可惜功亏一篑，多少志士，徒望两京兴叹，巍巍青山，何处不埋忠骨？所幸天不亡汉族，还有刘寄奴，他会用一腔的热血，吼出这个时代的最强音：汉胡不两立，王业不偏安！欢迎随本书走进那段金戈铁马，气吞万里的年代。作者书友群933794235,2020-10-29 17:00
黎明之剑,远瞳,科幻,连载,高文穿越了，但穿越的时候稍微出了点问题。在某个异界大陆上空飘了十几万年之后，他觉得自己可能需要一具身体才算是成为一个完整的穿越者，但他并没想到自己好不容易成功之后竟然还需要带着这具身体从棺材里爬出来，并且面对两个吓蒙了的曾曾曾曾……曾孙女。以及一个即将迎来纪元终结的世界。,2020-10-29 08:05
我真没想重生啊,柳岸花又明,都市,连载,万万没想到，社会精英、钻石单身汉的陈汉升居然重生了，一觉醒来变成了高三毕业生。十字路口的陈汉升也在犹豫，宝藏女孩沈幼楚和白月光萧容鱼，应该选择谁？已有精品作品《大时代1994》，验证群964657392（粉丝值500以上进群）。,2020-10-28 23:32
当医生开了外挂,手握寸关尺,都市,连载,"你是一名月入2000的小（穷）医生，饱受生活的压力和摧残！可是，某天一觉醒来，发现自己开了外挂……你要做一台阑尾手术，于是开腹探查：你触摸盲肠：【盲肠：健康！】你触摸结肠：【结肠：健康！】你触摸阑尾：【阑尾：这是一个炎性化脓的阑尾怪，lv15，稀有怪，建议：行阑尾切除术！】你手起刀落，圆满切下阑尾。【叮！击杀稀有阑尾怪，获得：阑尾切除术经验+100，人民币+100，白色缝合针一个！】……你是一名急诊外科医生，你一觉醒来……救人就变强！普2群：107,798,4631。全订V群：818，843，247（需全订）舵主群：群号：902，053，154。（舵主及以上）老手好酒好肉期待大家到来！",2020-10-29 00:17
绍宋,榴弹怕水,历史,连载,绍者，一曰继；二曰导。公元1127年，北宋灭亡。旋即，皇九子赵构在万众期待中于商丘登基，继承宋统，改元建炎。然而，三个月内，李纲罢相，陈东被杀，岳飞被驱逐出军，宗泽被遗弃东京，河北抗金布置被全面裁撤……经过这么多努力之后，满朝文武终于统一了思想，定下了拥护赵官家南下淮甸转扬州的辉煌抗金路线。不过刚一启程，在亳州明道宫参拜了道祖之后，这位赵官家便一头栽入了闻名天下的九龙井中，起来后就不认得自己心腹是谁了！朕要抗金！可朕的心腹都在何处？！这是一个来自于九百年后灵魂的真诚呐喊，他在无可奈何继承了大宋的名号后，更要将这个朝廷与天下导向一条新路。故称绍宋。,2020-10-29 12:25
超神机械师,齐佩甲,游戏,连载,韩萧，《星海》骨灰级代练，被来自东（zuo）方(zhe)的神秘力量扔进穿越大军，携带玩家面板变成NPC，回到《星海》公测之前，毅然选择难度最高的机械系。战舰列队纵横星海，星辰机甲夭矫如龙，幽能炮毁天灭地，还有无边无际的机械大军，静静待在随身仓库里一人，即是军团！如果不是玩家出现，本书就是正经严肃的穿越异界题材……作为NPC，正常NPC对玩家功能一应俱全……发布任务？好感度调节？传授技能？哎等等，这群玩家我怎么都认识得，现实世界也回到了十年前。二群：157302881三群：884339155V群：547599250（需1w粉丝值由管理审核）,2020-10-28 23:42
我只想自力更生,中秋月明,都市,连载,本书又名《我真是个拆二代》赵德柱重生了。他不知道炒国库券，不知道炒股票，不记得中奖彩票号，也不懂怎么做生意赚钱……他只有一个念头：我要自力更生！再也不做那个混吃等死的……拆二代书友新群:582356610，欢迎吹水不喜欢追更的，可以先看完本美术职业文《大美时代》、佣兵枪战文《我是个么得感情的杀手》,2020-10-29 04:36
魔临,纯洁滴小龙,悬疑,连载,这个世界一直流传着一个传说：终有一日，魔王会降临于这个世界，魔王的麾下，有七尊恐怖的魔头，他们，将带给这个世界绝望的黑暗。《魔临》舵主群：893、107、381（需要验证）《魔临》樊力群：113、552、0983（无需验证）,2020-10-28 23:58
精灵掌门人,轻泉流响,轻小说,连载,为什么考试会有精灵对战，为什么出门会被精灵袭击，谁告诉我地球发生了什么……不要碰我！我不要吃药，我没疯！接受了设定后……方缘立志成为一名优秀的训练家。“真香。”――――――――进入V群需全订验证，先加验证群273081875，找管理员验证后进v群。,2020-10-28 21:29
亏成首富从游戏开始,青衫取醉,游戏,连载,近日，特约记者对腾达集团总裁裴谦做了专访。腾达集团目前估值已达千亿级别，业务涉及游戏、互联网、数码硬件、文化传媒、餐饮等多个领域，深刻地改变了人们生活的方方面面。而裴谦，也被视为“绝世好老板”、“不世出的投资奇才”、“天才游戏制作人”，拥有“无为而治的管理才能”和“对行业风向的精确洞察力”。面对记者，裴谦大吐苦水。“我真不是什么商业奇才啊！”“我的成功，完完全全都是运气使然！”“我最初的目标，只是想亏光五万块而已……”看，商业天才的人生就是这么的谦虚而又低调。书友群：1064135703（新群）893157567（已满）,2020-10-28 22:29
左道倾天,风凌天下,玄幻,连载,是非谁来判定，功过谁予置评？此生不想规矩，只求随心所欲。天机握在手中，看我飞扬跋扈。――――我是左小多，我不走寻常路。VIP全订阅群号：971103262,2020-10-29 11:00
芝加哥1990,齐可休,轻小说,连载,穿越、90年代、芝加哥、美娱、作曲、编剧、制片、传媒集团,2020-10-28 14:57
港综世界大枭雄,萌俊,科幻,连载,他叫庄世楷，是探长！也是一哥！从70年代的探长，到80年代的署长，再到90年代的首位华人处长。有人叫他庄先生，有人叫他庄处长，最后《时代周刊》称他为“跨越世纪的枭雄”。......“叮，发布任务：击毙伍世豪！”手腕上的大金劳泛起一抹闪光，又要开始搞事了。本书为电影世界题材，如有雷同，纯属故意碰瓷。读者群新界总区：1093329759,2020-10-29 14:00
从1983开始,睡觉会变白,都市,连载,一个有点怀旧的故事。……………………书友群旧群已满，新群：8876-28-702,2020-10-29 16:27
大周仙吏,荣小荣,仙侠,连载,穿越妖魅横生，群魔乱舞的仙侠世界，李慕开始真的只想苟活，可他无意中救了的小狐狸忽然口吐人言，说要以身相许……这是一个现代青年穿越仙侠世界，斩妖除魔，匡扶正义的故事。,2020-10-28 20:33
沧元图,我吃西红柿,玄幻,连载,番茄的第十本小说。――――我叫孟川，今年十五岁，是东宁府“镜湖道院”的当代大师兄。,2020-10-28 20:31
生活系游戏,吨吨吨吨吨,都市,连载,【一份卖相不好的宫保鸡丁】从江枫无意中发现自己居然可以看到自家老爹炒出来的菜的备注开始，他的人生就已经发生了翻天覆地的变化……1.本游戏自由度极高，请玩家自行探索.2.本游戏不会干预玩家的任何选择，请玩家努力解锁成就.3.一切解释归游戏所有.普群一群：781556033V群：720368320（全订即可）,2020-10-29 02:49
剑卒过河,惰堕,仙侠,连载,小人物，也有大成就！一卒过河，有进无退！一剑在手，再铸辉煌！本书vip群号：964227244。官方群号：853336118,2020-10-29 07:01
禁区之狐,林海听涛,体育,连载,“胡莱先生，当今足坛像您这样只会进球的前锋生存空间越来越狭窄……但尽管如此，您还是取得了耀眼的成就，请问您的成功秘诀是什么呢？”在一个冬日的午后，胡莱向来自全世界的记者们展示他刚刚获得的至高荣誉，有记者向他提出了这样的问题。面对记者们投来的目光，胡莱的思绪却回到了中学时的那个下午，他孤独的站在球场旁边看其他同学踢比赛，他们不让他上场，觉得他是来捣乱的。他还想到了教练板着脸对他说的话：“胡莱，如果你不能付出十倍于别人的努力，你的天赋就只是毫无价值的石头而已。”以及一个不屑的声音：“现代足球对中锋的要求越来越高，越来越全面，你只会射门有什么用呢？”最后他的思绪定格于那时，夜幕已在东方的天空中若隐若现，在周边长满了荒草的废弃空地中央，有个女孩子很认真地对他说：“胡莱，你其实是有天赋的，而且是很厉害的天赋！因为你知道球门在哪里！”胡莱盯着女孩子的眼睛，从那双眼眸中看到了身后的夕阳。阳光映在瞳孔中，流动着，燃烧着，凝成一道光环，仿佛要把自己也融化在这光芒中一样。收回思绪的胡莱重新回到了这个暖和的冬日午后，面对兴致勃勃的记者们，他微微一笑：“因为我知道，球门就在那里。”,2020-10-29 08:00
凌天战尊,风轻扬,玄幻,连载,地球最强兵王魂穿异世，融轮回武帝记忆，修《九龙战尊诀》，所向披靡，战威无可敌！会炼药、能炼器、懂铭纹……生活职业，全能才是王道！！,2020-10-28 13:06
原来我是修仙大佬,木下雉水,仙侠,连载,仙道缥缈，仙踪难觅。李念凡以凡人之躯降临修仙世界，得知修仙无望后只想安稳度日。却不知――他收养的一条狗，因为看他写诗作画，成为一代妖王，镇压一方世界。他屋后栽种的树木，因为听他弹琴奏曲，成为世界之树，撑起天地桥梁。他遇到的一个路人，因为受他随口点化，成为仙道圣人，引领一个时代。回首时――原来那位一直缠着他要字画的书生是仙界画圣，那位棋艺很烂的老头是仙界棋圣，那位每天晚上来听曲的美女是仙界第一圣女……,2020-10-29 13:20
御九天,骷髅精灵,仙侠,连载,王峰创造了一款游戏“御九天”，在即将功成名就，走向人生巅峰的时候，穿越到了“九天世界”。可是穿越必备的辅助系统呢？不是高富帅也就罢了，毕竟王家兄弟是个有才华的人，可，地牢小皮鞭开局是什么鬼？无外挂，不穿越，面对来自灵魂的拷问，三观奇正的老王开始了人生的第二次奋斗。兄弟们，老王又回来了！,2020-10-29 00:09
我只会拍烂片啊,巫马行,都市,连载,“你们信吗！我说，未来我们将创造一个时代，一个让好莱坞都颤抖的时代，那个时候……”那一年，燕影大学混吃等死，被辅导员称为老鼠屎的大四学渣喝醉酒对着兄弟们吹了这么一个牛逼，他本来以为也就吹牛逼，酒醒后大家该干嘛干嘛……但！一个星期后，当兄弟们砸锅卖铁建好剧组，并眼巴巴等待他拍摄以后……他慌了………………………………后来，在那一年之后……世界电影圈所有人心态炸裂了……,2020-10-29 16:25
红楼春,屋外风吹凉,历史,连载,隆安五年，二世为人的贾蔷为保清白身，从虎狼之巢宁国府夺命而逃，自此，一名万年工科单身狗，迎来了他在红楼世界的春天……群号：三七九，三零三，零七六（已满）二群：一一三，五五七，五三零二。,2020-10-29 14:00
不会真有人觉得修仙难吧,黑夜弥天,轻小说,连载,仙武纪元，三月三。在掌门的不懈努力之下，青云道宗终于迎来了第八位弟子叶平。为了能让叶平留下，也为了能够得到叶平的尊重，宗门上下用尽各种手段哄骗。吹嘘自己是绝世剑道天才，绝世修行天才，绝世炼丹天才，绝世炼器天才，绝世占卜天才，绝世阵法天才，绝世鉴宝天才，绝世气运之子。而且为了维持天才形象，更是一通乱教。随便划一道剑痕就让叶平领悟绝世剑意。随便拿出个大锅就让叶平炼出极品丹药。随便拿出一枚铜钱就让叶平算出绝世天机。本只是希望叶平能够晚点发现真相，多在宗门待一待。可让所有人都没想到的是。这个新来的小师弟.......居然真学会了。----本书又名《修仙真的好难啊》，《平平无奇小师弟》，《如何能让小师弟相信我们都是理论派？》，《这不是有手就行》，《只要你们敢说我就敢做》，《原来这个世界上真的有天才》，《资质平平小师弟》,2020-10-29 00:00
伏天氏,净无痕,玄幻,连载,东方神州，有人皇立道统，有圣贤宗门传道，有诸侯雄踞一方王国，诸强林立，神州动乱千万载，值此之时，一代天骄叶青帝及东凰大帝横空出世，东方神州一统！然，叶青帝忽然暴毙，世间雕像尽皆被毁，于世间除名，沦为禁忌；从此神州唯东凰大帝独尊！十五年后，东海青州城，一名为叶伏天的少年，开启了他的传奇之路…,2020-10-29 12:19
全职艺术家,我最白,都市,连载,“音乐、影视、绘画、书法、雕塑、文学……”“你都懂？”“略知一二。”“都会一点的意思？”“嗯，都会亿点的意思。”怀揣系统，靠艺术征服世界，成为各界人士顶礼膜拜的无冕之王。,2020-10-28 22:11
诡秘之主,爱潜水的乌贼,玄幻,完本,蒸汽与机械的浪潮中，谁能触及非凡？历史和黑暗的迷雾里，又是谁在耳语？我从诡秘中醒来，睁眼看见这个世界：枪械，大炮，巨舰，飞空艇，差分机；魔药，占卜，诅咒，倒吊人，封印物……光明依旧照耀，神秘从未远离，这是一段“愚者”的传说。,2020-07-13 18:06
烂柯棋缘,真费事,仙侠,连载,烂柯旁棋局落叶，老树间对弈无人兴所致天元一子，再回首山海苍茫……一觉醒来，计缘成了一个破旧山神庙中的半瞎乞丐。真人一柄剑，神棍一张嘴，就是计缘在这个可怕的世界安身立足的根本。――――普群号：563767909VIP验证群号：1071336169（需要全订截图）,2020-10-29 00:21
大唐扫把星,迪巴拉爵士,历史,连载,他穿越在即将被村民们活埋的那一刻，自爆……不，自救成功。他只想在这个时代混吃等死，可……那女人太疯狂了。……书友群：624065836，群名：大唐扫把星。若是全订，进去后可联系群主，验证进全订群。,2020-10-29 12:00
天启预报,风月,奇幻,连载,“我想要挨一顿毒打……”――灾厄之剑、旧世界守墓人、调律师、最后的天国捍卫者、二十四个毁灭因素之一、淮海路小佩奇、深渊烈日、最终的地狱之王：槐诗。.某一天，穷困潦倒的槐诗忽然发现自己捡来的金手指终于能用了……只不过，这似乎并不是一件好事。为了赚钱和苟命，他一不小心踏入了这个危险世界。现境之外的边境，日常之后的异常。天文会，绿日、黄金黎明、存世余孽与诸界天敌……究竟是生存还是灭亡？这是个问题。那么，就在这一万零一种拯救世界的方法中，选一个通往HAPPYEND的方向吧。――――――VIP读者群：718703105(存续院一号实验室)，入群之后发粉丝值（需全订）召唤管理，可进入V群。,2020-10-28 17:48
贞观憨婿,大眼小金鱼,历史,连载,“陛下，管管你女婿韦憨子吧，他又要在东门外单挑那帮大臣！”一个大臣跑到甘露殿对着李世民喊道。“这个韦憨子，简直就是胡闹，传朕的口谕，不许在东门打架！”李世民一脸愤怒的喊道。・・・・・・・・“走，去西门，东门不能打！”韦浩在东门对着那些大臣们喊道。,2020-10-28 23:39
小阁老,三戒大师,历史,连载,站在你面前的是：大明王朝的守护者，万历皇帝的亲密战友，内阁首辅的好儿子，十六、十七世纪全球首富。控制吏部三十年的幕后黑手，宗藩制度的掘墓人，东林党口中的严世藩第二，张居正高呼不可战胜。海瑞的知己，徐渭的东家，利玛窦的剃度人，徐光启等六位状元的授业恩师。大明诗坛遮羞布，七百余种各学科书籍撰写者，两千七百余项专利的发明人，现代大学与科学的奠基者。海外汉人的保护神，新航路的开辟者，大洋秩序的维持者，全球大型工程的承包商。祸乱欧洲的罪魁祸首，德川家康的义父，塞巴斯蒂安的拯救者，一心为民的小阁老。小阁老书友群：56471661,2020-10-29 00:08
极品全能高手,花都大少,都市,连载,【最火爆畅销书】一场车祸改变了我的平凡人生。各种奇遇接连而来。考试满分，刮刮乐必中，篮球天才，游泳健将选一个？不，老子就是全能。QQ群：203799451【花都出品，必定精品。】,2020-10-29 12:00
最初进化,卷土,玄幻,连载,本书QQ交流群：153340812最意外的诡异宿命，最激烈的脑力碰撞，最残酷的生死战斗，最疯狂的奇异幻想，最离奇的事实真相......最初已至，再战十年！,2020-10-29 00:22
数风流人物,瑞根,历史,连载,瑞根晚明+红楼半架空历史官场养成文，绝对够味！大周永隆二年。盛世隐忧。四王八公鲜花着锦，文臣武将烈火烹油。内有南北文武党争不休，外有九边海疆虏寇虎视。这是一个最好的时代，也是一个最坏的时代。关键在于你身处其中时，该如何把握。勇猛精进，志愿无倦，且看我如何定风流，挽天倾！历史官场养成文，兄弟们请多支持。瑞根铁杆书友群：581470234,2020-10-29 07:51
斗罗大陆IV终极斗罗,唐家三少,玄幻,连载,一万年后，冰化了。斗罗联邦科考队在极北之地科考时发现了一个有着金银双色花纹的蛋，用仪器探察之后，发现里面居然有生命体征，赶忙将其带回研究所进行孵化。蛋孵化出来了，可孵出来的却是一个婴儿，和人类一模一样的婴儿，一个蛋生的孩子。,2020-10-29 17:00
大数据修仙,陈风笑,仙侠,连载,冯君身为985的双学位，毕业就失业了，在都市中艰难打拼，偏偏还放不下架子，他的处境可想而知。直到有一天，他和手机被雷劈了，猛然发现，原来自己可以化身数据，进入app中。化身数据进入app中能做什么？能做的太多了，尽情想像吧……慢着，手机银行的存款？住手，那个不能乱改！当然，这并不仅仅是全部，然后他还发现，自己居然可以自由进入仙侠位面……让我们跟随冯君，踏上奇妙的修仙之旅，“落花时节又逢君”，这话可不是白说的……,2020-10-28 20:52
我在东京教剑道,范马加藤惠,轻小说,连载,穿越到了1980年的东京葛氏区，继承了道场，父母双亡，有妹有房，但是存款快见底了，学生没有，怎么办，急，在线等。算了，不管了，快乐就完事了。面对疾风吧！,2020-10-28 23:53
玩家凶猛,黑灯夏火,科幻,连载,这是超越维度的真实游戏，这是诸天万界的激烈竞争，波澜壮阔的史诗神话，离奇曲折的异界幻想，玩家凶猛！（书友群738794843，需2000粉丝值）,2020-10-29 14:22
我在决斗都市玩卡牌,名称被占用,轻小说,连载,在完全潜入式集换卡牌游戏《游戏王：链接世界》中创建小号的苏羽，莫名其妙穿越去了游戏世界，甚至自带NPC模板。时间回到了游戏开服之前，玩家还有一个月降临，无名的法老王还沉眠在高中生武藤游戏的体内，具有跨时代意义的大赛决斗都市也还未启动。当游戏正式开服，玩家登陆，发现游戏中多出了个原作中没有的全新NPC。苏羽：那边的玩家要不要来抽卡包啊？五十一包，五百十连，价格公道，童叟无欺！玩家们目光直勾勾地盯着商品列表里被标记为UR的强欲之壶，一个个目光灼热，脑海里不约而同冒出了相同的念头――――只要抽到那张卡！,2020-10-29 12:36
诸界末日在线,烟火成城,科幻,连载,诸界末日降临，魔王的秩序收割着众生性命，在这绝望的黑暗之中，有一人挣脱时空，回到世界崩毁之前，决心改变曾经的命运。但随着时间的推移，他渐渐发现末日并不是那么简单……（书友群：662816185；V群878261509，欢迎读友们加入~）,2020-10-29 17:13
怪物被杀就会死,阴天神隐,轻小说,连载,――异于常人者，即为怪物――天生就是超能者，所到之处百鬼退避，捏碎骨头就和捏碎奶油饼干一样没有区别。太过特殊，其实不是什么好事，为了在这看似平凡的世界中寻找同类，苏昼十年来一路奔波寻觅，却都一无所获……直到灵气复苏突然的到来，为他拉开了一个广袤浩瀚的时代大幕。期待改变，期待超凡，苏昼并不希望看着这个世界燃烧，但他渴望世界变得热闹起来。千里独行，诸界漫步。路见不平，拔刀相助。即便在这充斥着怪物，邪魔与无数妖魔鬼怪的世界中，在这濒临破碎，处于毁灭前夕的多元宇宙内，也无需退缩恐惧，无需迷茫困惑，仍要怀着一颗渴求正义，追求正确的心。毕竟，正如同那人尽皆知的废话，‘人被杀，就会死’一样。怪物被杀，也会死。普群：429408755，无要求===vip群：606962637，7000粉丝值标准===PS：已有460w字完本精品小说《燃钢之魂》，可收藏。,2020-10-28 23:21
朕只是一个演员,平层,都市,连载,岳关，被誉为缔造了中华上下五千年的男人。一统八荒的秦始皇，开疆拓土的汉武帝，军略无双的唐太宗，极限翻盘的明成祖，甚至，还有神话时代的商纣王。中华上下五千年，没有岳关演不了的皇帝，他创造了无数经典的帝王荧幕形象，经典到很多人直接尊称他为陛下。对此，岳关一直很谦虚：朕只是个演员。全订群：972953826，全订读者可加,2020-10-29 14:11
万古神帝,飞天鱼,玄幻,连载,八百年前，明帝之子张若尘，被他的未婚妻池瑶公主杀死，一代天骄，就此陨落。八百年后，张若尘重新活了过来，却发现曾经杀死他的未婚妻，已经统一昆仑界，开辟出第一中央帝国，号称“池瑶女皇”。池瑶女皇――统御天下，威临八方；青春永驻，不死不灭。张若尘站在诸皇祠堂外，望着池瑶女皇的神像，心中燃烧起熊熊的仇恨烈焰，“待我重修十三年，敢叫女皇下黄泉”。…………,2020-10-29 12:05
重回二零零五,独钓长江雪,都市,连载,重生之初，周某人最初的愿望只是能做一个一年365天每天收一次年租的包租公。可惜，不知什么时候，他的生活没有了悠闲。隐形的财富，从百万富翁、亿万富豪，一步步超越福布斯富豪榜上的名字。曾几何时，随手一弹，便是盛夏。《书友群234389391，全订可入全订群》,2020-10-29 07:05
带着系统来大唐,农家一锅出,历史,连载,大唐开元年，这是一个本应该带领华夏开始冲向巅峰的时期，可结局却是安史之乱。皇帝李隆基，大唐第四次玄武门之变的主角，开元年间，他带领大唐抵御住吐蕃、突厥、契丹所有外邦。可最后又因他而让大唐一蹶不振，是武惠妃的原因，还是杨贵妃的原因？不，有一个女人的生死才是关键。知道历史的李易来到了开元二年，他想看到一个繁荣的大唐，那么改变，就从灞水畔的一个庄子开始。开元盛世几流传，铁血边关将不还。沙场刀光心未灭，城池箭雨血难寒。男儿一怒天为暗，弱女千愁地有晗。流水潺潺说壮志，青山历历誓成峦。,2020-10-29 17:27
三寸人间,耳根,仙侠,连载,举头三尺无神明，掌心三寸是人间。这是耳根继《仙逆》《求魔》《我欲封天》《一念永恒》后，创作的第五部长篇小说《三寸人间》。,2020-10-28 15:26
我真的是正派,白驹易逝,玄幻,连载,（高订过两万作品，质量有保障，每天更新不低于万字！）我叫秦书剑。皇皇三十载，书剑两无成。这是一个义薄云天，古道热肠的正派成长史！又名《从山寨npc到大BOSS》（已有两百万字完本作品《重生之独步江湖》，更新有保障）普群（2000人新群）：951578438VIP粉丝群（满1500粉丝值可进）：1105669567,2020-10-29 17:19
神魔书,血红,玄幻,连载,我是谁？我在哪？我在做什么？我要做什么？我想做什么？我所见、所闻、所经历的一切，又都是为了什么？眼前的世界，是真实还是虚幻？左边的道路，密布荆棘；右边的道路，鲜花着锦。我要选择哪一条？我为什么要选择这一条？愿绝对的秩序指引我们。愿至高的真理与我同在。,2020-10-29 12:10
唐朝贵公子,上山打老虎额,历史,连载,贞观三年。此时李世民已擦拭了玄武门的血迹，雄才大略，气吞山河。此时一代名相马周还在给人喂马，蛰伏于市井，等待着宏图大展。此时公主殿下们初成年，豆蔻年华，情窦初开。此时一代骁将和名臣们，开始了他们的故事。也在此时，陈正泰来到了这个世界，他经历了懵然，随即纵身跃入这无数王侯将相掀起高浪的历史长河，故事从这贞观三年开始……,2020-10-28 23:53
我有一座冒险屋,我会修空调,悬疑,连载,【本作品简体实体书由次元书馆出版】陈歌继承了失踪父母留下的冒险屋，无奈生意萧条，直到整理冒险屋时意外发现的手机改变了这一切。只要完成手机每日布置的不同难度的任务，冒险屋就能得到修缮甚至扩建！于是陈歌开始在各大禁地里探险取材，将其中场景元素纳入到自己的冒险屋中。随着前来参观的游客们各种惊声尖叫，冒险屋一举成名！然而虽然任务带来的好处越来越多，但其中隐患也慢慢显现，甚至父母失踪的线索似乎也藏其中……书友一群819098233；二群724779368；三群946284995,2020-09-24 14:02
我真没想当训练家啊,北川南海,轻小说,连载,现在站在你面前的是――得文公司董事会、彩虹火箭队缔造者、逆属性大师、世界锦标赛冠军……传奇训练家陆野，回忆起首次直播时的场景，喟然长叹。“说起来你们可能不信，我最初的愿望只是破十万订阅露个脸而已。”“我只想恰点钱，从一名游戏区UP主做起。”“我真没想当训练家啊！”本书又名：《五等分的陆野》、《青春期训练家不会梦见神奥冠军》、《竹兰大小姐想让我告白》、《成为世界冠军从主播开始》……【融合世界观，平行世界+动画、游戏设定+特别篇】关键词：精灵宝可梦、口袋妖怪、神奇宝贝、宠物小精灵、特别篇,2020-10-28 23:44
我真的是个内线,葛洛夫街兄弟,体育,连载,“ESPN没有把你排入本赛季十佳大前锋行列，不是因为你不够强，而是他们认为一个可以从三分线外晃开对手完成突破，三分命中全联盟前五，组织能力堪比控卫，能够快节奏地全场飞奔，除了身高外和内线几乎完全不搭边的你不算是大前锋。对此，你怎么看？”韦恩面对镜头，十分无辜：“我真的是个内线啊。”,2020-10-29 13:54
农夫凶猛,懒鸟,玄幻,连载,穿越成一个农夫？没问题，毕竟英雄不问出身。何况我还能看见属性栏，开局就有一个金手指是真香啊。但是等等，好像哪里有点不对。领主大人拿出来的那是什么？只见白光一闪，又有一个农夫扛着锄头呆呆傻傻的出现了……（书友群1074―4233―76）（VIP群4274―72089）,2020-10-29 16:26
玄浑道章,误道者,仙侠,连载,在这个神怪遍地的世界经历了第六个纪元之后，煌煌天夏降临了！…………玄浑道章书友群：【762873632】玄浑道章造化之界：【526275426】玄浑道章VIP书友群：【615387042】…………,2020-10-29 14:05
妖魔哪里走,全金属弹壳,仙侠,连载,人道式微，诡道猖獗。百鬼夜行，苍生太苦。我王七麟愿以一柄斩鬼刀，于妖魔环伺之中为我人族杀出一条阳关大道！QQ群号：853332369，大家有喜欢聊天水群的，一起来。,2020-10-29 12:04
柯南之我不是蛇精病,烟火酒颂,轻小说,连载,穿越名侦探柯南的世界，池非迟被送进了医院。周二。医生：“明天周几？”池非迟：“周三。”医生：“咳，明天周五。”池非迟：“……”8月21日。医生：“明天几月几日？”池非迟：“8月22日。”医生：“咳，明天1月1日。”池非迟：“……”当所有人都认为混乱的时间是正确的，而其中一人无法正确辩识并融入其中，那这个人就是异类，就是病人！一入病院深似海，此生痊愈不可能。池非迟深吸一口气：“老！子！不！干！了！”读者群：756660924vip群：443075892,2020-10-29 11:33
信息全知者,魔性沧月,都市,连载,所见能知道一切已发生之事，所闻能看穿世人诡谲人心，所感能知晓他人隐藏在记忆深处的秘密。知道的越多，越不幸福，仰望星空，黄极感受着来自整个宇宙的恶意，以及人类的绝境。仅仅只是地球乡村小农民的他，不得不感慨：“我知道的太多了。”无论是科技还是神话，亦或者宇宙隐藏的bug……皆逃不过信息的感知。面对人类被高等文明圈养而不自知的无解困局，黄极只能跟外星人比一比，谁知道的更多了！,2020-10-28 23:02
我真不是魔神,要离刺荆轲,轻小说,连载,作为一个平平无奇的书店老板。灵平安此生最大的志愿，就是混吃等死，躺平等赢。但他怎么都想不到，自己随随便便卖出去的书，在他的客人眼里，每一本都是记录着无比恐怖的知识与不可叵测的真理的神圣典籍！他更想不到，自己随随便便打几把游戏，就拯救了一个又一个世界。更猜不到，自己种的桃树，养的猫，都是神！就连他穿过的旧衣服，丢掉的外卖盒饭，在别人眼中，都是神物！所有人，都将他看成了不可名状的邪神头子，统御万界无上主宰。对此灵平安表示：要相信科学，不要封建迷信！信不信我打电话举报你们宣扬封建迷信？！书友群：1067719134，欢迎各位上帝与创世神加入一起快活,2020-10-28 22:48
大道纪,裴屠狗,科幻,连载,万千宇宙天骄并起，无穷次元霸主同存。武侠世界，有道人铸剑王权，威临天下一甲子，名传后世三千年，无双无对，古今第一，无上大宗师。神鬼世界，百鬼日行，道人驻世不死，一问鬼神，二问苍天，以地伐天，封神天下，万神之宗长。万阳世界，神魔咆哮天地，大妖宰执星河，一世称尊，灿若骄阳，古今亿万载，万阳同天，有道人登临绝巅，人若长河，横压万阳之上。皇天界，蛮荒大界，巫神大界，元阳界，大龙界........战魔尊，斗皇天，平动乱，撼神庭，定蛮荒，试手巫神，对弈天帝......踏过诸天，行罢万界，安奇生蓦然发现，万道万神，已在掌心三寸之间。已有480万字完本精品小说《诸天投影》，人品保证。诸天大道宗普群1031416893。诸天大道宗全订群724433161，欢迎加群。,2020-10-28 23:43
从网络神豪开始,琉璃湾,都市,连载,身为神豪，您的时间就是金钱！【当前系统等级：1级】【每一秒钟，获得0.01元的现金】【叮！恭喜您获得“网络神豪体验卡”一张】神豪之路，就此开启……,2020-10-29 14:33
时空斗甲行,萧潜,科幻,连载,人灵魂机器人机甲在时空流浪的故事（非系统文，却比系统文要强悍。）备注：这是老萧自嗨的书。再备注：这个故事发生在平行世界，和现实世界完全无关，架空，架空！最后，书中的科技和机器，灵魂和基因，全都是脑洞，看看就好，别认真，认真你就输了。,2020-10-29 08:00
学魔养成系统,给您添蘑菇啦,都市,连载,【今天，你变得更博学了吗？】【根据您的脑负载，学习效率提升为28倍。】【今日剩余学习活力值，26小时。】【活力值耗尽后，将无法获得知识。】【请通过系统内置功能进行放松恢复。】活力有限，疲劳当头，学魔来不及多想――卷来！――――――――老群已炸，新群当苟――877827217（满）1093871343（可进）980816918（VIP群，进群劳烦出示2000粉丝值截图）,2020-10-29 06:55
圣墟,辰东,玄幻,连载,在破败中崛起，在寂灭中复苏。沧海成尘，雷电枯竭，那一缕幽雾又一次临近大地，世间的枷锁被打开了，一个全新的世界就此揭开神秘的一角……,2020-10-28 00:05
都市极品医神,风会笑,都市,连载,【火爆爽文】五年前，废物叶辰犹如地上蠕虫般被人耻笑！但是五年后，他带着一百位上古大能回来了！吊打一切，谁与争锋！,2020-10-28 22:02
柯学验尸官,河流之汪,轻小说,连载,【这是柯南同人】本书全称：《刚穿越到柯学世界就被名侦探指认为头号犯罪嫌疑人，身为验尸官的我现在一点不慌》,2020-10-28 23:57
赘婿,愤怒的香蕉,历史,连载,武朝末年，岁月峥嵘，天下纷乱，金辽相抗，局势动荡，百年屈辱，终于望见结束的第一缕曙光，天祚帝、完颜阿骨打、吴乞买，成吉思汗铁木真、札木合、赤老温、木华黎、博尔忽、博尔术、秦桧、岳飞、李纲、种师道、唐恪、吴敏、耿南仲、张邦昌，忠臣与奸臣的较量，英雄与枭雄的博弈，胡虏南下，百万铁骑叩雁门，江山沦陷，生灵涂炭，一个国家与民族百年的屈辱与抗争，先行者的哭泣、呐喊与悲怆……而在这之前一点点，江宁城中，暗流涌动，一个商贾家毫不起眼的小小赘婿，正在很没责任感地过着他那只想吃东西、看表演的悠闲人生……,2020-09-28 18:54
太乙,雾外江山,仙侠,连载,奠玉群仙座，焚香太乙宫。……两个宇宙的对撞吞噬，胜负的关键时刻，叶江川来到了这里。穿越到此，他时常能够来到一间变化万千的小酒馆。这个酒馆似乎有无穷的形态，时而是古代东方酒肆、时而是现代都市酒吧、时而是未来机械酒馆……侠客、矮人、恶鬼、机械生命……叶江川在这里见过许多不同生命形态的过客，直到那天，他遇到了一位牵着青牛的耄耋老者！奇迹卡牌，混沌道棋。秘宝、血脉、神通、奇遇……当这些摆在他的面前唾手可得时，叶江川便明白，一切都不一样了！,2020-10-29 00:00
梦回大明春,王梓钧,历史,连载,穿越到大明朝，考科举是黑户，想读书又没老师。好在隔壁就是流放王阳明的龙场驿，不过还得等几年，那就先抢一个老师回家凑合着学吧。,2020-10-28 22:20
大医凌然,志鸟村,都市,连载,医学院学生凌然有一个小目标，要成为世界上最伟大的医生，结果不小心实现了。,2020-10-29 13:03
我快亏成麻瓜了,江公子阿宝,游戏,连载,我是一个从哈利波特世界穿越来的巫师，说好了把钱花完就放我回家。一不小心，投资了《小战狼》《小哪吒》《小破球》……一不小心，猫厂横空出世，成了最大的互联网公司；一不下心，把国内的芯片技术推到了2nm，随便你米果怎么制裁都没用；一不小心，招聘了一群背刺狂，我亏着亏着……就亏成了世界首富。我真是太难了，这些钱再花不掉，我就要留下来找人生猴子了。VIP书友群：439140772（进群需全订或两千粉丝值）推荐朋友写的好书《大盗贼》《网游之神宠猎人》~都是精品~,2020-10-29 11:43
明尊,辰一十一,仙侠,连载,大哉乾元，万物资始，乃以统天。无上明尊，时乘六龙，所其无逸。―――――――――――――――――――这是一个土著主角的穿越者老爷爷苏醒，金手指成精了的故事。…………………………我钱晨一路走来，从来只靠自己！太上爸爸救我！,2020-10-28 22:38
我老婆是大明星,玉米煮不熟,都市,连载,领导想把当大明星的女儿嫁给我……可是我不想吃软饭怎么办？（日常风，轻喜剧，无戾气，不重口，欢迎试读……）交流群：1014601906,2020-10-28 23:41
奶爸学园,剑沉黄海,都市,连载,都说女儿是前世的情人，那万一前身是海王怎么办？在线等，我好方呐~~~金牌编剧穿越而来，面对的不是飞黄腾达三宫六院娱乐帝国，而是，满！园！子！的！瓜！娃！子！（日常风，温馨风，轻喜风，有萌娃，已有完本小说《与萌娃的文艺生活》《哥哥万万岁》）,2020-10-29 00:30
我老婆是女学霸,太白猫,都市,连载,相亲遇到个女学霸，还不小心得罪了她...而且她竟然就住在对门！【日常风，有点轻松，有点幽默，有点温馨】,2020-10-29 15:01
末日之最终战争,如水意,军事,完本,外星人带着敌意降临。面对外星人的入侵，人类弱小的就像是蝼蚁。所以这是末日，真正的末日。但是有入侵就有反抗。对有些人来说这不是末日，这是战争。所以这就是战争。真正的战争！,2020-10-20 08:16
永恒国度,孤独漂流,仙侠,连载,凌晨，天灾降临。天道生变，万灵欲念执念充斥天地，天道不能承受，恶念横行，众生意念演变幻想世界，恶念，善念，执念，欲望纠缠不休，天道无法承受，已到极限，极则变，幻想降临，万界相融，万物霜天竞自由。此为新纪元开启，是毁灭，亦为新生。这一纪元为永恒纪元。,2020-10-28 23:45
捡到一只始皇帝,历史系之狼,历史,连载,有什么比穿越到先秦去对抗白起更让人头疼？秦质子异人要将他的侍妾赵姬托付于我。书名又为《始皇帝养成计划》，《我绝不要当缪薄贰,2020-10-29 13:00
中医许阳,唐甲甲,都市,连载,这是一本非常硬核的中医小说！是一本真正的中医小说！这是一个天才小中医在因为某次医疗事故被开除之后，遇上一个不太聪明的系统，得以回到几十年前跟当代名医学习，然后逐渐成长为一个真中医的故事。这本书写的是正统中医治病救人的故事，写的是一个小中医用一生去践行大医精诚四个字的故事。我想通过这本书告诉大家中医到底能不能治病，到底是怎么治病的！注：本书所涉医案均为真实医案！,2020-10-28 23:55
牧龙师,乱,玄幻,连载,这片大陆上任何生灵都有几率化龙。传言每个生命都有自己的一道龙门，跃过之后，宛如苍穹日月，耀眼辉煌。人也是如此。人的龙门就在于化身牧龙师。四处找寻那些即将化龙的小幼灵，将它们驯养成当世无双的龙王！,2020-10-28 22:43
我不是真的想惹事啊,左断手,悬疑,连载,穷山恶水，阴森恐怖。妖魔潜藏，生人勿进。叮：前方三里，地下有尸，千年不化，撩它，你将得到铜头铁臂金刚身。听到提示音，柳金表示无奈。尸哥，我真的不想惹事，但我的系统就是这么贱，我也没办法啊。群号；581501849v群：1125095472，需要审核。,2020-10-28 22:23
警探长,奉义天涯,都市,连载,案中案，局中局，曲折离奇却又理所当然。要记得每一个细节，那将是破案关键！奉义九州恩仇事，天涯四海仗剑行一个警察的故事，全程智商在线。伏笔很多，书友圈和评论区大神更多，欢迎留言，欢迎预测剧情～,2020-10-29 13:19
白骨大圣,咬火,玄幻,连载,【均订过万玄幻精品！】【《白骨大圣》漫画改编版权已卖出！】死人沾地，老狗刨坟，阴人问路，吃活人饭，知道碰上其中一个意味着什么吗？「已有2万均订作品《这里有妖气》」「《这里有妖气》漫画改编版权已卖出」「《这里有妖气》漫画已上线，可在腾讯动漫、起点漫画、b站漫画阅读」书友①群：608548874；（已被祭天）书友②群：760859432；（少量空位）书友③群：633795166。（少量空位）,2020-10-28 23:59
我在幕后调教大佬,阎ZK,玄幻,连载,妖魔，神灵，怪异。云上俯瞰天下的灵，行走在大地上的人。赵离一头载入了这个危险的时代，直接地狱开局。唯一的破局在于他异变的梦境。为了拼命活下去，他不得不走上一条在梦里具现出各大boss，然后想方设法抓人入梦，‘培养’这批人的道路。在当年蹂躏过第四天灾的boss们残酷的训练之下，赵离得到了自己想要的东西，心满意足地把他们放了出去――于是，这个世界发现，新的‘boss’们诞生了。,2020-10-29 14:15
我真不是仙二代,明月地上霜,仙侠,连载,安不浪是一个顶级仙二代，但他并不快乐。一日，一个容貌绝美的少女走到他的面前，拿出一纸婚书：“安不浪，我要退婚！”安不浪勃然大怒：“三十年河东，三十年河西，莫欺少年……”“呜呜呜……别人都说我配不上你……”少女突然泪流满面，“是，我仅仅是个十大圣宗的宗主之女，仅有一条圣品寒灵根的卑微少女而已，连神女榜榜首都不是的渣渣，我高攀不上你，但我还不能悔婚吗？！”说罢，少女将婚书撕裂，暴风雨哭泣，掩面飞走。安不浪一脸懵逼地站在原地。我这该死的仙二代！！……（普群：1031630512VIP群：229370094，上架前需2000粉丝值进群~）,2020-10-29 12:00
世子很凶,关关公子,历史,连载,世如棋，人如子。庙堂尔虞我诈，江湖爱恨情仇，市井喜怒哀乐，无非是一颗颗棋子，在棋盘上串联交织，迸发出的点点火光。昭鸿年间，坊间盛传有藩王窥伺金殿上那张龙椅，皇帝召各路藩王世子入京求学，实为质子。许不令身为肃王世子，天子脚下，本该谨言慎行‘藏拙自污’。结果……群众：“许世子德才兼备，实乃‘不鸣则已，一鸣惊人’。”许不令：“我不是，别瞎说。”群众：“许世子算无遗策，有平天下之大才。”许不令：“我没有，闭嘴。”群众：“许世子文韬武略，乃治世之能臣，乱世之……”许不令：“你们TM……”――――PS：完本人品保证，更新暴力，能宰直接宰吧！闲聊吹水群：1群667413480（满）2群670443574（空）V群进群单敲管理。,2020-10-29 00:00
魔王不必被打倒,如倾如诉,轻小说,连载,――――【圣剑】。――――【技能】。――――【祝福】。作为被召唤到异世界的勇者，该开的挂，希恩就基本都开遍了。而他的任务也只有一个，那就是响应女神的愿望，打倒魔王。可是......“魔王并不一定得被打倒吧？”勇者的脑海里就瞬间闪过几百个G的画面。“嗯，这才是打倒魔王的正确姿势。”群号：1104051839（内有VIP群号，如想入群，可前往了解）（PS：已完本四本500万字以上长篇小说《少女大召唤》、《全方位幻想》、《直死无限》、《奇迹的召唤师》，更新有节操，各位书友可以放心食用。）,2020-10-29 10:59
从火影开始做幕后黑手,浓墨浇书,轻小说,连载,木叶历56年，晓组织多了两个成员，其中一个叫宇智波鼬，另一个叫上原奈落。他，是个影帝。他，是个挂比。（日更过万）,2020-10-29 17:31
第一序列,会说话的肘子,都市,完本,废土之上，人类文明得以苟延残喘。一座座壁垒拔地而起，秩序却不断崩坏。有人说，当灾难降临时，精神意志才是人类面对危险的第一序列武器。有人说，不要让时代的悲哀，成为你的悲哀。有人说，我要让我的悲哀，成为这个时代的悲哀。这次是一个新的故事。浩劫余生，终见光明。,2020-08-19 12:59
我的1978小农庄,名窑,都市,连载,远离城市喧嚣的小山村开起了一个小农庄这里有七八年十多块一瓶的茅台，有七八块的五粮液有机菜，有机鱼虾，有机煮羊肉，绿色环保味道好。本是中年离异失败男，转身成了悠闲农庄主。山村小农庄，名声远播。拖鞋汗衫芭蕉扇，晃晃悠悠一整天。&amp;ldquo;订餐，没的问题，排队&amp;rdquo;一天一桌看心情，优哉游哉小日子。李栋摸摸挂在胸口小物件，充满能量了，该去1978年进货了，一个2018年的中年男子，穿越四十年带货开农庄的小故事。QQ群号：1102731606,2020-10-29 11:44
